[
  {
    "value": "Big Ben",
    "synonyms": [
      "Big Ben"
    ]
  },
  {
    "value": "Buckingham Palace",
    "synonyms": [
      "Buckingham Palace"
    ]
  },
  {
    "value": "Fortnum and Mason",
    "synonyms": [
      "Fortnum and Mason"
    ]
  },
  {
    "value": "Natural History Museum",
    "synonyms": [
      "Natural History Museum"
    ]
  },
  {
    "value": "Picadilly Circus",
    "synonyms": [
      "Picadilly Circus"
    ]
  },
  {
    "value": "The British Museum",
    "synonyms": [
      "The British Museum"
    ]
  },
  {
    "value": "Tate Modern",
    "synonyms": [
      "Tate Modern"
    ]
  },
  {
    "value": "Tower of London",
    "synonyms": [
      "Tower of London"
    ]
  },
  {
    "value": "Westminster Abbey",
    "synonyms": [
      "Westminster Abbey"
    ]
  },
  {
    "value": "Cable Cars",
    "synonyms": [
      "Cable Cars"
    ]
  },
  {
    "value": "Union Square",
    "synonyms": [
      "Union Square"
    ]
  },
  {
    "value": "Beach Blanket Revue",
    "synonyms": [
      "Beach Blanket Revue"
    ]
  },
  {
    "value": "Sutro Baths",
    "synonyms": [
      "Sutro Baths"
    ]
  },
  {
    "value": "Angel Island",
    "synonyms": [
      "Angel Island"
    ]
  },
  {
    "value": "Winchester Mystery House",
    "synonyms": [
      "Winchester Mystery House"
    ]
  },
  {
    "value": "Asian Art Museum",
    "synonyms": [
      "Asian Art Museum"
    ]
  },
  {
    "value": "De Young Museum",
    "synonyms": [
      "De Young Museum",
      "de Young Museum",
      "de young museum"
    ]
  },
  {
    "value": "Monterey Bay Aquarium",
    "synonyms": [
      "Monterey Bay Aquarium"
    ]
  },
  {
    "value": "Trinity College",
    "synonyms": [
      "Trinity College"
    ]
  },
  {
    "value": "St Patricks Cathedral",
    "synonyms": [
      "St Patricks Cathedral"
    ]
  },
  {
    "value": "Christ Church Cathedral",
    "synonyms": [
      "Christ Church Cathedral"
    ]
  },
  {
    "value": "The Little Museum",
    "synonyms": [
      "The Little Museum"
    ]
  },
  {
    "value": "Irish Whisky Museum",
    "synonyms": [
      "Irish Whisky Museum"
    ]
  },
  {
    "value": "Guinness Storehouse",
    "synonyms": [
      "Guinness Storehouse"
    ]
  },
  {
    "value": "Dublin Castle",
    "synonyms": [
      "Dublin Castle",
      "Castle"
    ]
  },
  {
    "value": "Kilmainham Gaol",
    "synonyms": [
      "Kilmainham Gaol",
      "The Jail"
    ]
  },
  {
    "value": "Irish Emmigration Museum",
    "synonyms": [
      "Irish Emmigration Museum"
    ]
  }
]