[
  {
    "id": "c633fb55-0d5a-4a13-9ffa-02dd24d3b408",
    "data": [
      {
        "text": "Go ",
        "userDefined": false
      },
      {
        "text": "Dublin",
        "alias": "city",
        "meta": "@city",
        "userDefined": false
      }
    ],
    "isTemplate": false,
    "count": 0,
    "updated": 0
  },
  {
    "id": "bdce438e-e670-4439-8611-c31feb7f51d1",
    "data": [
      {
        "text": "Fetch ",
        "userDefined": false
      },
      {
        "text": "Dublin",
        "alias": "city",
        "meta": "@city",
        "userDefined": false
      }
    ],
    "isTemplate": false,
    "count": 0,
    "updated": 0
  },
  {
    "id": "7f3e4ea2-b020-4f77-bb1e-e3c4558b2ef5",
    "data": [
      {
        "text": "Let\u0027s go to ",
        "userDefined": false
      },
      {
        "text": "Dublin",
        "alias": "city",
        "meta": "@city",
        "userDefined": false
      }
    ],
    "isTemplate": false,
    "count": 0,
    "updated": 0
  },
  {
    "id": "0e861546-a2a7-47ce-a5be-5ffae362cfd0",
    "data": [
      {
        "text": "I want to go to ",
        "userDefined": false
      },
      {
        "text": "Dublin",
        "alias": "city",
        "meta": "@city",
        "userDefined": false
      }
    ],
    "isTemplate": false,
    "count": 0,
    "updated": 0
  },
  {
    "id": "42b2da59-4e8c-43c9-b237-361145c90bf5",
    "data": [
      {
        "text": "Dublin",
        "alias": "city",
        "meta": "@city",
        "userDefined": false
      }
    ],
    "isTemplate": false,
    "count": 0,
    "updated": 0
  },
  {
    "id": "011f6f94-3ee4-45ec-bdcf-4e64bd3b2a43",
    "data": [
      {
        "text": "Lets go ",
        "userDefined": false
      },
      {
        "text": "to",
        "meta": "@sys.ignore",
        "userDefined": false
      },
      {
        "text": " ",
        "userDefined": false
      },
      {
        "text": "San Francisco",
        "alias": "city",
        "meta": "@city",
        "userDefined": true
      }
    ],
    "isTemplate": false,
    "count": 0,
    "updated": 0
  },
  {
    "id": "fefd7a85-794b-4407-b55b-a9f9de0fca05",
    "data": [
      {
        "text": "I wanna go ",
        "userDefined": false
      },
      {
        "text": "to",
        "meta": "@sys.ignore",
        "userDefined": false
      },
      {
        "text": " ",
        "userDefined": false
      },
      {
        "text": "London",
        "alias": "city",
        "meta": "@city",
        "userDefined": false
      }
    ],
    "isTemplate": false,
    "count": 0,
    "updated": 0
  },
  {
    "id": "0f799b25-2244-48b9-b3ed-2eefa902bec4",
    "data": [
      {
        "text": "San Francisco",
        "alias": "city",
        "meta": "@city",
        "userDefined": false
      }
    ],
    "isTemplate": false,
    "count": 0,
    "updated": 0
  },
  {
    "id": "4d168396-a852-4869-a90d-81167b41918d",
    "data": [
      {
        "text": "London",
        "alias": "city",
        "meta": "@city",
        "userDefined": true
      }
    ],
    "isTemplate": false,
    "count": 0,
    "updated": 0
  }
]