[
  {
    "id": "3b8e163d-b7ec-4668-9e2d-15bbe66c51b5",
    "data": [
      {
        "text": "How about ",
        "userDefined": false
      },
      {
        "text": "museums",
        "alias": "category",
        "meta": "@category",
        "userDefined": false
      },
      {
        "text": " for ",
        "userDefined": false
      },
      {
        "text": "one hundred",
        "meta": "@sys.ignore",
        "userDefined": false
      }
    ],
    "isTemplate": false,
    "count": 0,
    "updated": 0
  },
  {
    "id": "63c11af1-a957-4222-9a6c-3241753c2c2b",
    "data": [
      {
        "text": "cultural icons",
        "alias": "category",
        "meta": "@category",
        "userDefined": false
      }
    ],
    "isTemplate": false,
    "count": 0,
    "updated": 0
  },
  {
    "id": "85eac111-232b-4629-822a-d36013de90ac",
    "data": [
      {
        "text": "landmarks",
        "alias": "category",
        "meta": "@category",
        "userDefined": false
      }
    ],
    "isTemplate": false,
    "count": 0,
    "updated": 0
  },
  {
    "id": "72179d8a-289a-4d9e-b7ca-46c01f2f65d6",
    "data": [
      {
        "text": "icons",
        "alias": "category",
        "meta": "@category",
        "userDefined": false
      }
    ],
    "isTemplate": false,
    "count": 0,
    "updated": 0
  },
  {
    "id": "52be67df-1b02-49f3-8788-a44fd704607b",
    "data": [
      {
        "text": "museums",
        "alias": "category",
        "meta": "@category",
        "userDefined": false
      }
    ],
    "isTemplate": false,
    "count": 0,
    "updated": 0
  },
  {
    "id": "31491f57-1b14-41b1-9ded-c926e2418a05",
    "data": [
      {
        "text": "Let\u0027s do ",
        "userDefined": false
      },
      {
        "text": "museums",
        "alias": "category",
        "meta": "@category",
        "userDefined": false
      }
    ],
    "isTemplate": false,
    "count": 0,
    "updated": 0
  },
  {
    "id": "344ba6df-d617-4a35-93d1-df32ff329f71",
    "data": [
      {
        "text": "I want to see ",
        "userDefined": false
      },
      {
        "text": "cultural icons",
        "alias": "category",
        "meta": "@category",
        "userDefined": false
      }
    ],
    "isTemplate": false,
    "count": 0,
    "updated": 0
  },
  {
    "id": "1500e960-7ace-46a1-b9c2-a3703450032c",
    "data": [
      {
        "text": "Give me ",
        "userDefined": false
      },
      {
        "text": "landmarks",
        "alias": "category",
        "meta": "@category",
        "userDefined": false
      }
    ],
    "isTemplate": false,
    "count": 0,
    "updated": 0
  }
]