[
  {
    "id": "ca777663-5557-4ed3-bc78-6017655f969c",
    "data": [
      {
        "text": "spin the wheel",
        "userDefined": false
      }
    ],
    "isTemplate": false,
    "count": 0,
    "updated": 0
  },
  {
    "id": "48e10ac3-2780-448c-ac89-26a5727cef81",
    "data": [
      {
        "text": "play russian roulette",
        "userDefined": false
      }
    ],
    "isTemplate": false,
    "count": 1,
    "updated": 0
  },
  {
    "id": "31e0dca6-9744-4de4-bc13-c64309a1340f",
    "data": [
      {
        "text": "pick a random one",
        "userDefined": false
      }
    ],
    "isTemplate": false,
    "count": 0,
    "updated": 0
  },
  {
    "id": "b46395e6-c5b1-4927-9b3a-3a11bec5fa57",
    "data": [
      {
        "text": "make it a surprise",
        "userDefined": false
      }
    ],
    "isTemplate": false,
    "count": 0,
    "updated": 0
  },
  {
    "id": "a123d572-f62c-42b1-b18f-b8653e791797",
    "data": [
      {
        "text": "live on the wild side",
        "userDefined": false
      }
    ],
    "isTemplate": false,
    "count": 0,
    "updated": 0
  },
  {
    "id": "d7d2b495-b4dc-4686-96b4-10f0f289cd23",
    "data": [
      {
        "text": "take a chance",
        "userDefined": false
      }
    ],
    "isTemplate": false,
    "count": 0,
    "updated": 0
  },
  {
    "id": "563cd295-3cd7-49cf-971f-d02a39eadeca",
    "data": [
      {
        "text": "roll the dice",
        "userDefined": false
      }
    ],
    "isTemplate": false,
    "count": 0,
    "updated": 0
  },
  {
    "id": "73e40681-8826-492e-84a2-7a4e86e0cf84",
    "data": [
      {
        "text": "you decide",
        "userDefined": false
      }
    ],
    "isTemplate": false,
    "count": 0,
    "updated": 0
  },
  {
    "id": "d96836b6-6629-4cab-b5d5-3db1d20f445c",
    "data": [
      {
        "text": "dealers choice",
        "userDefined": false
      }
    ],
    "isTemplate": false,
    "count": 0,
    "updated": 0
  },
  {
    "id": "ec8412f4-4880-4a3a-b231-54e02d24af0f",
    "data": [
      {
        "text": "give me a random site",
        "userDefined": false
      }
    ],
    "isTemplate": false,
    "count": 0,
    "updated": 0
  },
  {
    "id": "3047eb80-01f5-43b5-9113-c63f75a9e707",
    "data": [
      {
        "text": "Lets live dangerously",
        "userDefined": false
      }
    ],
    "isTemplate": false,
    "count": 0,
    "updated": 0
  },
  {
    "id": "974c76fe-17ce-42c8-8bf7-358b5b25c0b5",
    "data": [
      {
        "text": "walk on the wild side",
        "userDefined": false
      }
    ],
    "isTemplate": false,
    "count": 0,
    "updated": 0
  },
  {
    "id": "07f6be50-5678-4f6c-a067-93f804648db8",
    "data": [
      {
        "text": "russian roulette",
        "userDefined": false
      }
    ],
    "isTemplate": false,
    "count": 1,
    "updated": 0
  },
  {
    "id": "2f7cf971-a514-4f13-9404-072365a04e34",
    "data": [
      {
        "text": " roll the dice",
        "userDefined": false
      }
    ],
    "isTemplate": false,
    "count": 0,
    "updated": 0
  },
  {
    "id": "95fd0a3a-f328-494f-9ef5-715ef80a71bf",
    "data": [
      {
        "text": "surprise me",
        "userDefined": false
      }
    ],
    "isTemplate": false,
    "count": 0,
    "updated": 0
  }
]