[
  {
    "id": "fa40e9ff-f0e2-4138-be67-0727966b3887",
    "data": [
      {
        "text": "Monterey Bay Aquarium",
        "alias": "site",
        "meta": "@site",
        "userDefined": false
      }
    ],
    "isTemplate": false,
    "count": 0,
    "updated": 0
  },
  {
    "id": "ac89ebd3-87e6-4edf-a745-cad471a5c730",
    "data": [
      {
        "text": "De Young Museum",
        "alias": "site",
        "meta": "@site",
        "userDefined": true
      }
    ],
    "isTemplate": false,
    "count": 0,
    "updated": 0
  },
  {
    "id": "a9d4062a-4c4c-4785-abbb-749e63849226",
    "data": [
      {
        "text": "Let\u0027s go ",
        "userDefined": false
      },
      {
        "text": "to",
        "alias": "site",
        "meta": "@site",
        "userDefined": false
      },
      {
        "text": " the ",
        "userDefined": false
      },
      {
        "text": "Asian Art Museum",
        "alias": "site",
        "meta": "@site",
        "userDefined": false
      }
    ],
    "isTemplate": false,
    "count": 0,
    "updated": 0
  },
  {
    "id": "9f1100c8-bb6c-43eb-950f-51eec88cee26",
    "data": [
      {
        "text": "Tell me about ",
        "userDefined": false
      },
      {
        "text": "Winchester Mystery House",
        "alias": "site",
        "meta": "@site",
        "userDefined": false
      }
    ],
    "isTemplate": false,
    "count": 0,
    "updated": 0
  },
  {
    "id": "a5a3a3f5-917b-4ad1-b8b3-3f3adcc10023",
    "data": [
      {
        "text": "Give me ",
        "userDefined": false
      },
      {
        "text": "Angel Island",
        "alias": "site",
        "meta": "@site",
        "userDefined": false
      }
    ],
    "isTemplate": false,
    "count": 0,
    "updated": 0
  },
  {
    "id": "654a3155-9fdb-4d8c-87fa-c95f6ccd26a1",
    "data": [
      {
        "text": "I\u0027ll take ",
        "userDefined": false
      },
      {
        "text": "Sutro Baths",
        "alias": "site",
        "meta": "@site",
        "userDefined": false
      }
    ],
    "isTemplate": false,
    "count": 0,
    "updated": 0
  },
  {
    "id": "97893d40-dc34-4173-8a5a-97043260e050",
    "data": [
      {
        "text": "Beach Blanket Babylon",
        "alias": "site",
        "meta": "@site",
        "userDefined": false
      },
      {
        "text": " Revue sounds good",
        "userDefined": false
      }
    ],
    "isTemplate": false,
    "count": 0,
    "updated": 0
  },
  {
    "id": "26df04e9-e854-4a4e-81a8-e8bb9b2f2b50",
    "data": [
      {
        "text": "Get the info for ",
        "userDefined": false
      },
      {
        "text": "Union Square",
        "alias": "site",
        "meta": "@site",
        "userDefined": false
      }
    ],
    "isTemplate": false,
    "count": 0,
    "updated": 0
  },
  {
    "id": "25a99c95-8aab-45a9-9e58-c4fe99a58497",
    "data": [
      {
        "text": "Tell ",
        "userDefined": false
      },
      {
        "text": "me about",
        "alias": "site",
        "meta": "@site",
        "userDefined": false
      },
      {
        "text": " the ",
        "userDefined": false
      },
      {
        "text": "Cable Cars",
        "alias": "site",
        "meta": "@site",
        "userDefined": false
      }
    ],
    "isTemplate": false,
    "count": 0,
    "updated": 0
  },
  {
    "id": "4504f2a0-95a8-42df-a71a-aedcc0978ac3",
    "data": [
      {
        "text": "Tell me about ",
        "userDefined": false
      },
      {
        "text": "Beach Blanket",
        "alias": "site",
        "meta": "@site",
        "userDefined": true
      }
    ],
    "isTemplate": false,
    "count": 1,
    "updated": 0
  },
  {
    "id": "6efe69ee-a692-423c-99a8-190e185b4b3d",
    "data": [
      {
        "text": "Beach Blanket Babylon",
        "alias": "site",
        "meta": "@site",
        "userDefined": false
      },
      {
        "text": " sounds cool",
        "userDefined": false
      }
    ],
    "isTemplate": false,
    "count": 0,
    "updated": 0
  },
  {
    "id": "b4278b98-a8c7-4fa4-b0c3-92a5b77921b2",
    "data": [
      {
        "text": "I want to go to the ",
        "userDefined": false
      },
      {
        "text": "Asian Art Museum",
        "alias": "site",
        "meta": "@site",
        "userDefined": false
      }
    ],
    "isTemplate": false,
    "count": 0,
    "updated": 0
  },
  {
    "id": "5e0d7c1e-5fa2-4b10-9a3d-69c24962fa77",
    "data": [
      {
        "text": "Fortnum and Mason",
        "alias": "site",
        "meta": "@site",
        "userDefined": false
      }
    ],
    "isTemplate": false,
    "count": 0,
    "updated": 0
  },
  {
    "id": "fc093411-9784-4bde-a32a-ee1cfff6c1ef",
    "data": [
      {
        "text": "I would like to go to ",
        "userDefined": false
      },
      {
        "text": "Westminster Abbey",
        "alias": "site",
        "meta": "@site",
        "userDefined": false
      }
    ],
    "isTemplate": false,
    "count": 0,
    "updated": 0
  },
  {
    "id": "02002827-b8fe-4fba-b24b-b5245488c497",
    "data": [
      {
        "text": "Let\u0027s do ",
        "userDefined": false
      },
      {
        "text": "Picadilly Circus",
        "alias": "site",
        "meta": "@site",
        "userDefined": false
      }
    ],
    "isTemplate": false,
    "count": 0,
    "updated": 0
  },
  {
    "id": "55ebe556-a623-4400-965a-2337e23042ad",
    "data": [
      {
        "text": "I want to see ",
        "userDefined": false
      },
      {
        "text": "Big Ben",
        "alias": "site",
        "meta": "@site",
        "userDefined": false
      }
    ],
    "isTemplate": false,
    "count": 0,
    "updated": 0
  },
  {
    "id": "9d0d0158-e165-4481-8879-cf78bae2cbb7",
    "data": [
      {
        "text": "I\u0027ll take ",
        "userDefined": false
      },
      {
        "text": "Buckingham Palace",
        "alias": "site",
        "meta": "@site",
        "userDefined": false
      }
    ],
    "isTemplate": false,
    "count": 0,
    "updated": 0
  }
]