[
  {
    "id": "f2ba7ea3-4b6d-45e4-9fe6-bed2fb073d37",
    "data": [
      {
        "text": "What should i do next?",
        "userDefined": false
      }
    ],
    "isTemplate": false,
    "count": 0,
    "updated": 0
  },
  {
    "id": "74f8f0e5-8aaa-4ef9-9da6-7a602f94983f",
    "data": [
      {
        "text": "Tell me more",
        "userDefined": false
      }
    ],
    "isTemplate": false,
    "count": 0,
    "updated": 0
  },
  {
    "id": "f8277df2-7d5a-4d83-9612-5ccdb866d62f",
    "data": [
      {
        "text": "Can you give me a hint?",
        "userDefined": false
      }
    ],
    "isTemplate": false,
    "count": 0,
    "updated": 0
  },
  {
    "id": "89abf0cc-053d-4544-bb74-9928c4a6b1ab",
    "data": [
      {
        "text": "How do I use this?",
        "userDefined": false
      }
    ],
    "isTemplate": false,
    "count": 1,
    "updated": 0
  },
  {
    "id": "74409799-5b98-4ece-9b26-cc46e69afbc9",
    "data": [
      {
        "text": "What can I do",
        "userDefined": false
      }
    ],
    "isTemplate": false,
    "count": 0,
    "updated": 0
  },
  {
    "id": "a4a7c09d-dbb7-4120-9608-9dc081b21960",
    "data": [
      {
        "text": "What can I do here?",
        "userDefined": false
      }
    ],
    "isTemplate": false,
    "count": 0,
    "updated": 0
  },
  {
    "id": "93b78803-ce2d-4481-be2c-6f4feff46205",
    "data": [
      {
        "text": "Help",
        "userDefined": false
      }
    ],
    "isTemplate": false,
    "count": 0,
    "updated": 0
  }
]