[
  {
    "id": "674d2858-21a0-458a-ada8-e69e5bfb7a4f",
    "data": [
      {
        "text": "Hi there",
        "userDefined": false
      }
    ],
    "isTemplate": false,
    "count": 0,
    "updated": 0
  },
  {
    "id": "d536a52e-15f1-4edd-abca-5a9a6902d0da",
    "data": [
      {
        "text": "Hi",
        "userDefined": false
      }
    ],
    "isTemplate": false,
    "count": 0,
    "updated": 0
  },
  {
    "id": "840c4d2e-12e9-4343-906d-2e695fdb0345",
    "data": [
      {
        "text": "Hello",
        "userDefined": false
      }
    ],
    "isTemplate": false,
    "count": 0,
    "updated": 0
  }
]